{
  "grid": {
    "H": 30,
    "W": 30,
    "cell_size_m": 0.5,
    "seed": 0,
    "obstacle_layout": "multimodal_v1",
    "start_a": [
      2,
      2
    ],
    "goal_a": [
      27,
      27
    ],
    "start_b": [
      27,
      2
    ],
    "goal_b": [
      2,
      27
    ],
    "allow_diagonal": true
  },
  "sensors": {
    "K": 4,
    "M": 32,
    "range_cells": 6,
    "fov_deg": 90.0,
    "orientations_deg": [
      0,
      45,
      90,
      135,
      180,
      225,
      270,
      315
    ],
    "wall_bias": 0.8,
    "beta_detection": 1.0
  },
  "outer_cost": {
    "move_w": 1.0,
    "risk_w": 1.0
  },
  "psro": {
    "iters": 25,
    "meta_solver": "sfp",
    "tau": 1.2,
    "prd_steps": 250,
    "prd_dt": 0.25,
    "prd_gamma": 0.05,
    "lp_eps": 1e-09,
    "seed": 0,
    "stop_exploitability": 0.001
  },
  "risk_modes": {
    "L": 3,
    "max_kmedoids_iters": 10
  },
  "cptg": {
    "dt": 0.2,
    "T": 40,
    "v_max": 1.0,
    "d_min": 0.8,
    "robot_radius": 0.25,
    "obs_margin": 0.25,
    "w_g": 50.0,
    "w_u": 0.2,
    "w_r": 2.0
  },
  "multinash": {
    "J": 30,
    "noise_sigma": 0.35,
    "pf_refine_iters": 10,
    "cluster_eps": 1.5,
    "max_solutions": 6,
    "solver_maxiter": 200,
    "penalty_w": 150.0,
    "seed": 0
  }
}